val_loss,accuracy,f1,roc_auc,hamming,jaccard,precision,recall,average_precision,kappa
0.4666063961566695,0.857504215851602,0.4616432137993645,0.5242286455696938,0.14249578414839797,0.428752107925801,0.428752107925801,0.5,0.5099668023002581,0.0
0.4079101101664089,0.859915611814346,0.46234119782214156,0.5464783570001301,0.140084388185654,0.429957805907173,0.429957805907173,0.5,0.5351757813340563,0.0
0.5688669089502936,0.857504215851602,0.4616432137993645,0.5548166378663315,0.14249578414839797,0.428752107925801,0.428752107925801,0.5,0.5229082231180389,0.0
0.5595806045020186,0.7265822784810126,0.49865765502256393,0.5279789422656278,0.27341772151898736,0.4032806893353187,0.500506358926048,0.5006355155656975,0.5161707242847118,0.0011187137393656732
0.5653311710229656,0.857504215851602,0.4616432137993645,0.5079390014720171,0.14249578414839797,0.428752107925801,0.428752107925801,0.5,0.5028189719657514,0.0
