val_loss,accuracy,f1,roc_auc,hamming,jaccard,precision,recall,average_precision,kappa
0.48302792542732803,0.857504215851602,0.4616432137993645,0.49904289795372164,0.14249578414839797,0.428752107925801,0.428752107925801,0.5,0.5035427778730306,0.0
